word,trick
originally_post,n
skater,n
go_to,n
http_www,n
plan_b,n
dc,n
nike,n
sheckler,n
transworld,n
vid,n
emerica,n
youtube,n
lakai,n
koston,n
deathwish,n
chris_cole,n
website,n
bam,n
thrasher,n
popwar,n
mike_mo,n
el_toro,n
etnie,n
ryan_sheckler,n
adida,n
pro_model,n
berric,n
fully_flare,n
jereme_roger,n
p_rod,n
nike_sb,n
nyjah,n
ccs,n
dvs,n
stay_gold,n
dtj,n
kickflip,y
dgk,n
enjoi,n
cole,n
hype,n
osiris,n
ollie,y
stoke,n
skateboarder,n
jerry_hsu,n
promo,n
reynold,n
footy,n
adio,n
street_league,n
tk,n
malto,n
birdhouse,n
x_game,n
ve,n
jimmy_carlin,n
tony_hawk,n
th,n
etc,n
skatepark,n
pretty_sure,n
ride_sky,n
kotr,n
turn_pro,n
idk,n
corey_duffel,n
ipath,n
youtube_com,n
scoff,n
roger,n
pj_ladd,n
soty,n
ali_boulala,n
toy_machine,n
powell,n
ams,n
torey_pudwill,n
watch_v,n
zoo_york,n
not_wait,n
altamont,n
unknown_soldier,n
bs,y
rad,n
mike_v,n
ryan,n
arto,n
bastien,n
shitty,n
indy,y
dekline,n
wallenberg,n
sk,n
jamie_thomas,n
dvd,n
lutzka,n
sk_mafia,n
html,n
handrail,n
legit,n
info,n
holy_shit,n
mag,n
old_news,n
muska,n
year_old,n
chris,n
tre,y
ali,n
baker_deathwish,n
skateshop,n
sb,n
shane_cross,n
berra,n
alien_workshop,n
ender,n
nyjah_huston,n
nollie,y
demo,n
shoe_sponsor,n
sean_malto,n
fakie,y
darkstar,n
download,n
pant,n
gsosa,n
jamie,n
tws,n
vert,n
danny_way,n
spitfire,n
rob_dyrdek,n
lil_wayne,n
imo,n
kr_w,n
world_industry,n
long_time,n
fs,y
vox,n
antwuan,n
switch_flip,y
will_not,n
haslam,n
maloof_money,n
logo,n
kevo,n
pretty_cool,n
trapasso,n
theeve,n
stevie_williams,n
alex,n
smith,n
local_shop,n
chaz_ortiz,n
rock_adio,n
brian_wenne,n
mikey_taylor,n
leo,n
nick_trapasso,n
ea_skate,n
thrasher_cover,n
volcom,n
tech,n
bryan_herman,n
herman,n
tony,n
appleyard,n
skate_mental,n
black_label,n
alex_olson,n
v,n
brian,n
bachinsky,n
josiah_gatlyn,n
hardflip,y
mark_appleyard,n
grant_taylor,n
maloof,n
extremely_sorry,n
m_sure,n
antwuan_dixon,n
ragdoll,n
nigga,n
street_dream,n
greg_lutzka,n
black_box,n
colorway,n
daewon,n
josh,n
r_p,n
rodney_mullen,n
look_forward,n
boulala,n
krooke,n
jereme,n
gilbert_crockett,n
mtv,n
dyrdek,n
industry_news,n
krew,n
asr,n
ellington,n
batb,n
jean,n
eric_koston,n
garrett_hill,n
wenne,n
david,n
aws,n
sk_er,n
tattoo,n
skateboard_city,n
crailtap,y
king_road,n
suffer_joy,n
janoski,n
asta,n
rob_big,n
www,n
clothing_company,n
fourstar,n
rippen_da,n
gravette,n
mitten,n
leo_romero,n
rep,n
favorite_skater,n
battle_berric,n
poser,n
hsu,n
t_shirt,n
shake_junt,n
ve_see,n
carlsbad,n
month_ago,n
stevie,n
rowley,n
gunna,n
andrew_reynold,n
busenitz,n
westgate,n
guy_mariano,n
colt_cannon,n
blackbox,n
shaun_white,n
cory_kennedy,n
tampa_pro,n
epicly_later'd,n
freestyle,n
sig,n
release_date,n
mullen,n
fag,n
facebook,n
posi,n
griptape,n
wallenburg,n
real_street,n
ricta,n
sbc,n
furby,n
bigspin,y
bs_flip,y
com_messa,n
zumiez,n
not_war,n
santa_cruz,n
ice_cream,n
andrew_reynolds,n
black_white,n
york,n
php,n
braydon,n
mega_ramp,n
axion,n
bueno,n
teaser,n
faggot,n
andrew,n
terry_kennedy,n
kenny,n
c_rca,n
theotis,n
carlin,n
nuge,n
sponser,n
chris_haslam,n
instagram,n
kalis,n
late_flip,y
come_soon,n
figgy,n
jim_greco,n
olson,n
homie,n
silas_baxter,n
gonz,n
gatorade,n
mj,n
krux,n
billy_mark,n
skateboard_mag,n
ripper,n
jt,n
adidas,n
skaterbrit,n
d_ville,n
snowboard,n
ryan_gallant,n
ight_dawg,n
blog,n
marc_johnson,n
tampa,n
boardslide,y
chaz,n
arto_saari,n
pj,n
randomzero,n
matix,n
justin,n
stefan_janoski,n
steve_berra,n
jake_duncombe,n
thrashermagazine_com,n
tom_penny,n
tensor,n
gravis,n
ethan_fowler,n
bam_margera,n
dixon,n
hella,n
ishod,n
got_kick,n
dist,n
paul_rodriguez,n
kenny_hoyle,n
mr,n
jake,n
baker_boy,n
atleast,n
bmx,n
east_coast,n
mini,n
meh,n
cooper_wilt,n
rasa_libre,n
destructo,n
ftw,n
vans,n
greco,n
decenzo,n
bobbyganoosh,n
week_ago,n
jake_brown,n
nick_dompierre,n
sticker,n
webcast,n
kareem_campbell,n
omar,n
mo,n
peter,n
neal,n
bastien_salabanzi,n
pretty_sweet,n
brian_anderson,n
heath,n
cairo_foster,n
pfanner,n
november,n
kelly_hart,n
geoff_rowley,n
skate_create,n
chima,n
biebel,n
hollywood,n
friday,n
gnar,n
officialy,n
tre_flip,y
manny,y
pontus,n
stanton,n
macba,n
tyler_bledsoe,n
torey,n
tommy_sandoval,n
july,n
dylan_rieder,n
tom_asta,n
abp,n
collab,n
unknown_solider,n
soooo,n
cody_mcentire,n
trevor_colden,n
danny_garcia,n
josh_kalis,n
montage,n
transworld_award,n
galloway,n
levi_brown,n
purple_skater,n
anybody_know,n
brootal,n
little_kid,n
make_sense,n
tranny,n
kevin,n
rick,n
anti_hero,n
bakerforlife,n
switch_tre,y
louie,n
beloe,n
john_rattray,n
big_deal,n
dlx,n
ortiz,n
america,n
anthony,n
tm,n
andy,n
rd,n
johnny_layton,n
austin_stephen,n
terrell,n
travischrist,n
jordan,n
ps,n
jerry,n
duff,n
dennis,n
mike_anderson,n
dan_murphy,n
ronnie_creager,n
insole,n
big_black,n
huf,n
andrew_cannon,n
tony_tave,n
god_damn,n
dew_tour,n
brandon,n
oh_god,n
corey,n
new_balance,n
burton,n
elissa_steamer,n
sandoval,n
billy_may,n
jason_lee,n
og,n
california,n
spanky,n
matt_miller,n
habitat_origin,n
kevin_romar,n
silas,n
rockvam,n
be_not,n
switch_heel,y
kenny_anderson,n
beanie,n
heelflip,y
jerry_jerry,n
lrg,n
blank_deck,n
shuriken_shannon,n
half_cab,y
filmer,n
skateboards,n
upload,n
donovan,n
justin_brock,n
dave_bachinsky,n
ah_wulli,n
transworld_net,n
tws_award,n
lizard,n
lulz,n
little_bit,n
jpg,n
slaughter_opera,n
hd,n
sb_c,n
gravi,n
brian_sumner,n
neen,n
jeremy_roger,n
yeh,n
williams,n
jimmy_cao,n
rapper,n
phelp,n
pudwill,n
fs_flip,y
josiah,n
jeremy,n
powell_peralta,n
paul,n
scooter,n
win_tampa,n
gunz,n
theeve_truck,n
daryl_angel,n
clint,n
tosh,n
marius,n
ladd,n
carroll,n
delete,n
noseblunt,y
aaron,n
riley_hawk,n
tommy,n
mind_field,n
bob_burnquist,n
battle_commander,n
inhabitant,n
thrasher_kotr,n
gmgscigmgsci,n
lewis_marnell,n
chad_muska,n
matt_allen,n
planb,n
joey,n
nollie_flip,y
berrics,n
beagle,n
frontside,y
jon,n
addida,n
mike_carroll,n
antwaun,n
com_index,n
nate_sherwood,n
twitter,n
nestor,n
mike_taylor,n
gino,n
woodward,n
coma,n
kook,n
daewon_song,n
shane_o'neill,n
shut_fuck,n
happy_medium,n
com_blog,n
jason_dill,n
dennis_busenitz,n
d_php,n
dave,n
steezy,n
nate,n
alex_chalmer,n
louie_barletta,n
rick_howard,n
varial,y
antihero,n
de_bobo,n
wale_den,n
ve_hear,n
scoffman,n
city_star,n
adelmo_jr,n
brandon_westgate,n
patrick,n
suck_dick,n
tim,n
mccrank,n
bandikid,n
benny,n
hollywood_high,n
david_gonzalez,n
europe,n
airwalk,n
skatelace,n
van_wastell,n
adam,n
tancowny,n
semi,n
chad,n
cairo,n
shre,n
intro,n
eli_reed,n
christmas,n
kellen_james,n
duncombe,n
reda,n
flipskater,n
final_flare,n
hardcore,n
gilbert,n
salabanzi,n
vimeo,n
lem_villemin,n
ryan_decenzo,n
silver_truck,n
olympic,n
w_e,n
zach,n
espn,n
j_casanova,n
bennett,n
robinson,n
fkd,n
darrel_stanton,n
dompierre,n
brezinski,n
david_gravette,n
skatepark_tampa,n
colin,n
shortys,n
reynolds,n
trujillo,n
j_roger,n
greg,n
military_grade,n
trukfit,n
buyer_guide,n
elwood,n
backside_flip,y
den_di,n
bili_dan,n
jeremy_wray,n
mumford,n
right_foot,n
rattray,n
good_luck,n
austyn,n
tit,n
vibe,n
mindfield,n
mini_ramp,n
wear_tight,n
bobby_worrest,n
accel,n
hoffart,n
nosegrind,y
saturday,n
devine_calloway,n
june,n
pat_duffy,n
reese_forbe,n
uhhh,n
bag_suck,n
fantasy_factory,n
wikipedia,n
noob,n
omar_salazar,n
bushing,n
rodney,n
burrut,n
favourite,n
cold_war,n
dan,n
cody,n
ben_raybourn,n
tum_yeto,n
injure,n
matt_mumford,n
luan,n
ii,n
scott,n
krook_d,n
ruben,n
badass,n
girl_chocolate,n
manual_man,n
gonzalez,n
haslams,n
billabong,n
gonzale,n
brock,n
thank_god,n
rant,n
x_c,n
markovich,n
jake_johnson,n
capaldi,n
vol,n
itune,n
neil,n
erik_ellington,n
holy_crap,n
lance_mountain,n
josh_harmony,n
indys,n
couple_year,n
flatground,n
rock_rock,n
stefan,n
n_html,n
dylan,n
neff,n
vegas,n
shitload,n
rc,n
past_year,n
rlm,n
nhs,n
sumner,n
vert_skater,n
land_trick,n
jordan_hoffart,n
aswell,n
m_glad,n
erikp,n
k_swiss,n
ns,n
darrell,n
z,n
soletech,n
todd_swank,n
choizy,n
skate_plaza,n
lee,n
ronson_lambert,n
buisness,n
levi,n
johnny,n
nick_tucker,n
duffy,n
fuel_tv,n
tennskater,n
frontside_flip,y
jamal_smith,n
mystery_vid,n
hahahahaha,n
glifberg,n
jake_rupp,n
carlsbad_gap,n
old_school,n
press_release,n
nyjah_houston,n
wierd,n
lol'd,n
organika,n
garcia,n
ed_templeton,n
miller,n
https_www,n
nuge_baker,n
feed_need,n
burnquist,n
zumiez_couch,n
wallride,y
bummer_high,n
varial_heel,y
taylor,n
martyrule,n
probaly,n
september,n
independent_stage,n
ali_update,n
moose,n
jack_curtin,n
tyler,n
footlocker,n
braydon_szafranski,n
macbeth,n
gnarli,n
tim_o'connor,n
answer_question,n
dollin,n
shane_o,n
zeroskater,n
epicly_laterd,n
xen,n
release_party,n
wear_converse,n
pay_attention,n
dustin_dollin,n
message_board,n
pop_shuvit,y
pappalardo,n
analog,n
ben_gilley,n
pre,n
chicken_bone,n
pete,n
mega,n
hypebeast,n
felipe,n
puleo,n
guzman,n
couple_month,n
enter_skateboard,n
tws_reader,n
xgame,n
air_jordan,n
puma,n
color_theory,n
sheck,n
stephan,n
good_rookie,n
cheese_cracker,n
sooooo,n
reebok,n
ave,n
lifestyle,n
rockin,n
shuv,y
prevent_tragedy,n
elijah,n
berg,n
zero_strange,n
lave,n
jessup,n
wilshire,n
http_espn,n
shoulda,n
lem,n
sierra_feller,n
niggas,n
vincent,n
gatlyn,n
ricky_oyola,n
antuan_dixon,n
org,n
es_accel,n
wayne,n
kick_ass,n
sierra_fellers,n
sole_tech,n
joe,n
suciu,n
nollie_heel,y
unite_fate,n
jerme_roger,n
kyle_leeper,n
facebook_com,n
june_th,n
gerwer,n
sammy_baca,n
sneak_peak,n
kharisbc,n
max,n
wigger,n
hewitt,n
calloway,n
awhile_ago,n
wordlife,n
dane_burman,n
rune,n
hubba_hideout,n
garret_hill,n
everytime,n
action_sport,n
k_t,n
time_shine,n
p_j,n
jason_adams,n
rvca,n
proof_koston,n
matt_bennet,n
jason,n
lu,n
elijah_berle,n
alex_mizurov,n
timtim,n
heath_kirchart,n
jon_allie,n
com_action,n
skateboard_olympic,n
don_nyguen,n
individ,n
ramondetta,n
rumor_fact,n
crossroad,n
alex_olsen,n
trasher,n
pete_eldridge,n
megaramp,n
trick_tip,n
death_wish,n
blogspot_com,n
sheckler_vs,n
olly_todd,n
lakais,n
zen_seven,n
leap_faith,n
antwan_dixon,n
tk_ice,n
john_cardiel,n
chad_tim,n
take_level,n
strange_world,n
timberland,n
howard,n
brad_cromer,n
skateline,n
dallas,n
mrck,n
surreyskate,n
ocd,n
graffeedy,n
don_t,n
krudcoisraw,n
shane_heyl,n
bledsoe,n
ninja,n
neg,n
october,n
read_slap,n
clark,n
ride_indys,n
dissapointe,n
kinjjibo,n
smolik,n
kickflippe,y
joey_brezinski,n
edition_gold,n
ect,n
davis_torgerson,n
fudgefudge,n
luan_de,n
skateparkoftampa_com,n
stu,n
demo_revolution,n
stfu,n
nss,n
chris_roberts,n
molinar,n
ben_gore,n
shetler,n
rodrigo_tx,n
wieger,n
bangin,n
popwar_pill,n
ernie_torre,n
give_away,n
brian_delatorre,n
brian_wenning,n
piece_news,n
bust_bail,n
brainwash,n
banger,n
tim_tim,n
generic,n
david_reyes,n
huston,n
tiltmode,n
pre_order,n
mikey,n
talk_theeve,n
ryan_smith,n
famous_star,n
double_rock,n
caswell_berry,n
cyril_jackson,n
rieder,n
austyn_gillette,n
owen_wilson,n
daniel_castillo,n
matt_bennett,n
sti,n
crockett,n
hallelujah,n
wes_kremer,n
vulc,n
hansen,n
henry,n
neen_williams,n
sls,n
hesh,n
kristian_svitak,n
melbourne,n
jart_skateboard,n
john_motta,n
http_theberric,n
superfuture,n
james_brockman,n
hanyo,n
brockman,n
duane_peters,n
suede,n
emerican_mystery,n
cupsole,n
warped_tour,n
jock,n
motorcycle,n
m_psyche,n
elementality,n
sunday,n
laser,y
search_button,n
lipslide,y
kenny_reed,n
word_life,n
wrong_section,n
skateboarder_mag,n
pig_wood,n
t_pudz,n
olivera,n
skatin,n
clothing_line,n
dosent,n
january,n
ishod_wair,n
trailor,n
vince_capaldi,n
becuase,n
gimmick,n
brent,n
state_mind,n
canadian_embassy,n
vincent_alvarez,n
highly_doubt,n
rodriguez,n
omg_arto,n
adress,n
peterson,n
olivermcboliver,n
overrate,n
moose_deathwish,n
zine,n
motherfucker,n
campbell,n
mj_soty,n
famous_spot,n
eric_fletcher,n
jt_aultz,n
mike_barker,n
tampa_result,n
olsen,n
download_link,n
zooyork,n
richie_jackson,n
boro,n
ahaha,n
jenkem,n
gareth,n
throwaway,n
arm_steez,n
jart,n
nvm,n
watson,n
panda,n
ben_hatchell,n
safari_skateboard,n
april_fool,n
nguyen,n
swagger,n
gtfo,n
j_lay,n
kerry_getz,n
nevermind,n
dr_pepper,n
longboard,n
bs_kickflip,y
soty_vote,n
troy,n
straightly_krooke,n
eldridge,n
royal_truck,n
youwillsoon,n
shoelace_belt,n
masterkickflip,n
jani,n
kris_markovich,n
taylor_bingaman,n
ss,n
ipod,n
chupacabra,n
diamond_supply,n
qualifier,n
allen,n
lo_ah,n
raymond_molinar,n
jake_phelp,n
fred_gall,n
circa_combat,n
messageboard,n
sketchy,n
marty,n
abcdenjoi,n
diss,n
tnt,n
steez,n
duffell,n
jones,n
theotis_beasley,n
templeton,n
waka,n
forr_edward,n
quick_piece,n
ply,n
spitfire_wheel,n
cataclysmic_abyss,n
baca,n
kayo_corp,n
raven,n
cky,n
ea,n
steve_nesser,n
suski,n
red_bull,n
adrian_lopez,n
cut_dread,n
feb,n
gameplay,n
guy_skinny,n
miniman,n
ice_cube,n
collabo,n
santa_monica,n
devin,n
eltoro,n
jesus_fernandez,n
lopez,n
tight_pant,n
arti,n
peter_ramondetta,n
handstand_boardslide,n
cody_mac,n
demolish,n
manny_mania,n
t_h,n
lindsey_robertson,n
hosoi,n
bradley,n
stehr,n
jose_rojo,n
tsm,n
grimcity,n
blow_mind,n
blacklabel,n
evan_smith,n
robbie_russo,n
starcraftledzeppelin,n
carrol,n
fa,n
flat_ground,n
childress,n
axl,n
ronnie,n
bam_bam,n
anthony_pappalardo,n
chet_thomas,n
gos,n
danny_wainwright,n
maltorule,n
connor,n
tim_o,n
e_mail,n
anthony_williams,n
ubf,n
neckface,n
jeff_lenoce,n
ha_ha,n
darren_harper,n
wait_till,n
website_launch,n
fre,n
fila,n
boulala_update,n
tbh,n
co_uk,n
happy_birthday,n
lockdown,n
chris_joslin,n
ave_dill,n
younite_nation,n
gb,n
triple_set,n
tailslide,y
cerezini,n
lenny,n
cement_truck,n
thps,n
scam,n
miss_rasa,n
libre,n
kno,n
david_gonzales,n
basset,n
boston,n
kickflip_melon,y
kris,n
bandagedskater,n
stair_rail,n
tih,n
ronson,n
wilson,n
danny_renaud,n
barker,n
tracker,n
hide_feature,n
creature_hesh,n
shave_head,n
theskateboardmag,n
clayton_die,n
ramirez,n
travis,n
pig_wheel,n
ethan,n
oiam,n
skatebook,n
dr_science,n
jay_adams,n
special_edition,n
local_skateshop,n
habitat_inhabitant,n
php_t,n
svitak,n
footlock,n
infact,n
nick_merlino,n
william_spencer,n
romero,n
romar,n
tweak,y
ti,n
obama,n
strube,n
reality_tv,n
q,n
lolz,n
paul_machnau,n
bobier,n
december,n
stroh,n
michael_jackson,n
rogers,n
batbox,n
scoff_skatelace,n
steve_cab,n
motta,n
santa,n
dennis_durrant,n
htm,n
premire,n
liam,n
chris_nieratko,n
money_chico,n
gonzales,n
pud,n
nose_bonk,y
scott_kane,n
skatewarehouse,n
welsh,n
geno,n
clich,n
flameboy,n
ordie,n
japan,n
dylan_reider,n
oh_snap,n
inde,n
disappoint,n
lucas_puig,n
las,n
world_record,n
klein,n
nick_mclouth,n
steeze,n
chima_ferguson,n
homoki,n
imlee,n
silva,n
aspx,n
los_angeles,n
tj,n
radd,n
ssjoe,n
chet,n
collin_provost,n
aha,n
beauty_beast,n
soundtrack,n
awesomeness,n
tight_jean,n
ew,n
aug,n
popsicle,n
trevor,n
welcome_aboard,n
whitetrash,n
lower_price,n
terrel,n
proactiv,n
fallen_ballen,n
zenetti,n
uhh,n
professional_skateboarder,n
amazon,n
yesssss,n
ortiz_dc,n
forr,n
dlxsf,n
phoenix,n
vulk,n
bay_area,n
keegan_sauder,n
roboman,n
goemann,n
montel,n
stalefish,y
footlocker_ccs,n
gustavo,n
trainwreck,n
toyota,n
lucas,n
baconcheddar,n
reeve,n
untill,n
foskco,n
cooper,n
txjdot,n
nov,n
getting_tear,n
roomer,n
art_direction,n
daniel_espinoza,n
demos,n
photoshoppe,n
windsor,n
tony_cervante,n
wi,n
jan,n
negge,n
plaza,n
life_extension,n
birdman,n
brophy,n
colin_mckay,n
riley,n
crumpet,n
oakley,n
sherwood,n
diego_najera,n
murawski,n
muska_mob,n
chazz,n
jamie_palmore,n
vx_ve,n
omfg,n
goro,n
snowskate_destiny,n
push_mongo,n
noooooo,n
chalmer,n
trepasso,n
jon_dickson,n
kirchart,n
zach_intern,n
chad_bartie,n
kickflippr,n
shekler,n
hello_kitty,n
lula_domm,n
ls,n
happ_tili,n
kertacodude,n
de_dumm,n
orange_county,n
wa_damm,n
fo_sho,n
jason_adam,n
skateshoe,n
supa,n
adam_sandler,n
mkcrank_mulisha,n
viva_la,n
shawn_white,n
cesar_fernandez,n
quiksilver,n
tester,n
comcast,n
ie,n
brandon_biebel,n
promos,n
sbs,n
san_francisco,n
dompy,n
dissapoint,n
justin_bieber,n
xd,n
vulcanize,n
autobahn,n
fos,n
provost,n
megaupload,n
stoner,n
cunt,n
oliviera,n
reinvent,n
wiki,n
guiz,n
knox,n
germany,n
nbd,n
adelmo,n
shimizu,n
kessler,n
sike,n
sza,n
olympics,n
judkin,n
barcelona,n
townend,n
anderson,n
caveman,n
cervante,n
silverfish,n
leben,n
khalsa,n
hotwax,n
melone,n
garrett,n
nowison,n
morgan,n
peep,n
casanova,n
rodger,n
frajilesoul,n
dogtown,n
jim,n
gilette,n
creager,n
loy,n
mexico,n
eddie,n
euro,n